{"color_space_origin": [0.3733965157290249, 0.37367213522985265, 0.06539301293331976], "color_space_vector1": [0.25888098078680916, 0.22246067534935285, 0.21845073465472323], "color_space_vector2": [-0.02042620584824074, 0.02092691326804247, 0.002895577101901422], "color_space_vector3": [-0.025765480083867226, -0.03419170613983621, 0.0653534208357511]}
